experiment_id,timestamp_x,run_time,config_id,experiment_tags,simulation_type,num_of_agents,num_iterations,mio,mio_sigma,num_of_repetitions,switch_agent_rate,switch_agent_sigma,radical_exposure_eta,truncate_at,epsilon,mark_stubborn_at,display_name,status,timestamp_y,audit_every_x_iterations
089179ae-6675-4b2f-b8a1-5a5e10f7c606,1682441745,40,aa2dcaae-e315-4f14-8663-356cd24e254d,[],REPULSIVE,100,10000,0.2,NULL,40,10,0.117241,NULL,0.0001,0.2,0.1,Epsilon = 0.1,RunStatus.SUCCESS,1682441733054,250.0
cee1d3f8-ff58-40e7-b8ad-6541bd8ccc2f,1682441745,40,ecbed23d-3d99-4c8e-a986-01832fbc7e45,[],REPULSIVE,100,10000,0.2,NULL,40,10,0.251724,NULL,0.0001,0.2,0.1,Epsilon = 0.1,RunStatus.SUCCESS,1682441733054,250.0
95bda892-2854-4906-9294-1997794cb0f8,1682441745,40,347dbf16-b673-4cab-b768-1a22ff324987,[],REPULSIVE,100,10000,0.2,NULL,40,10,0.789655,NULL,0.0001,0.2,0.1,Epsilon = 0.1,RunStatus.SUCCESS,1682441733054,250.0
a1a5a9fc-d60e-42a9-858c-31669204e12c,1682441745,40,2a3ff311-ba9d-4ab1-a596-5e326263d39a,[],REPULSIVE,100,10000,0.2,NULL,40,10,0.386207,NULL,0.0001,0.2,0.1,Epsilon = 0.1,RunStatus.SUCCESS,1682441733054,250.0
02beae2a-c5b7-44d2-b3cc-6a0f92e8c1b4,1682441745,40,f4ee01e2-9656-465a-9208-cc11c2e5ee1e,[],REPULSIVE,100,10000,0.2,NULL,40,10,0.655172,NULL,0.0001,0.2,0.1,Epsilon = 0.1,RunStatus.SUCCESS,1682441733054,250.0
5ed88b82-cf16-4704-809f-1f6a987f4b19,1682441745,41,2a0772e2-6754-46dc-a473-5606ea3c738b,[],REPULSIVE,100,10000,0.2,NULL,40,10,0.05,NULL,0.0001,0.2,0.1,Epsilon = 0.1,RunStatus.SUCCESS,1682441733054,250.0
e7e66323-28cc-4131-b7dc-1dff23f187be,1682441745,41,74616a7e-cda6-4cb9-a361-6db850605b32,[],REPULSIVE,100,10000,0.2,NULL,40,10,0.184483,NULL,0.0001,0.2,0.1,Epsilon = 0.1,RunStatus.SUCCESS,1682441733054,250.0
4bba790b-0245-4525-b58a-2de82bc1d0ee,1682441745,41,9138cd97-f7cc-4624-b31a-040c1bda093a,[],REPULSIVE,100,10000,0.2,NULL,40,10,0.318966,NULL,0.0001,0.2,0.1,Epsilon = 0.1,RunStatus.SUCCESS,1682441733054,250.0
69f90a31-10a2-49b1-8180-dc23c12e2e72,1682441745,41,a6a6faa6-a4ba-48b9-91b6-7ed205e706a4,[],REPULSIVE,100,10000,0.2,NULL,40,10,0.52069,NULL,0.0001,0.2,0.1,Epsilon = 0.1,RunStatus.SUCCESS,1682441733054,250.0
aaa447bf-4e4a-42e9-97fc-df6e65d2b6c6,1682441745,41,555fdd32-d670-4a4d-a978-339b5f94e38a,[],REPULSIVE,100,10000,0.2,NULL,40,10,0.587931,NULL,0.0001,0.2,0.1,Epsilon = 0.1,RunStatus.SUCCESS,1682441733054,250.0
2128f18d-f58e-4dbd-b076-d307c3c361ee,1682441745,41,08cbec97-65fa-491e-959f-ac039c531cfc,[],REPULSIVE,100,10000,0.2,NULL,40,10,0.453448,NULL,0.0001,0.2,0.1,Epsilon = 0.1,RunStatus.SUCCESS,1682441733054,250.0
44b6bc15-710d-45f3-a205-3f77384bbd49,1682441745,41,54b61600-ec0c-4810-b52c-439f3e18be26,[],REPULSIVE,100,10000,0.2,NULL,40,10,0.722414,NULL,0.0001,0.2,0.1,Epsilon = 0.1,RunStatus.SUCCESS,1682441733054,250.0
80104a4e-903e-4319-9345-7d19727b1deb,1682441788,44,d41d372b-a63a-42a2-8f44-4e471d23c131,[],REPULSIVE,100,10000,0.2,NULL,40,10,0.856897,NULL,0.0001,0.2,0.1,Epsilon = 0.1,RunStatus.SUCCESS,1682441733054,250.0
41b01a67-b802-473c-9cf9-ff254c84794d,1682441789,43,ceb40375-7f88-4db6-bbe6-d47e6b40887b,[],REPULSIVE,100,10000,0.2,NULL,40,10,0.991379,NULL,0.0001,0.2,0.1,Epsilon = 0.1,RunStatus.SUCCESS,1682441733054,250.0
071d35f4-6a6e-471d-88ef-bcf54f1076f0,1682441789,44,a0a3f916-d3bd-4ac7-9a7d-5fd65b08c823,[],REPULSIVE,100,10000,0.2,NULL,40,10,0.924138,NULL,0.0001,0.2,0.1,Epsilon = 0.1,RunStatus.SUCCESS,1682441733054,250.0
d575a956-0ae8-4bdd-b5bf-832bf3214fc0,1682441789,44,a4bf90f9-90e8-490e-88c1-f6f744c0ce50,[],REPULSIVE,100,10000,0.2,NULL,40,10,1.125862,NULL,0.0001,0.2,0.1,Epsilon = 0.1,RunStatus.SUCCESS,1682441733054,250.0
2f5f8d43-a2ba-4e70-ad8d-bea33dff7950,1682441789,44,b6dfadaa-9d70-41d0-ac95-37e7750b8b2e,[],REPULSIVE,100,10000,0.2,NULL,40,10,1.058621,NULL,0.0001,0.2,0.1,Epsilon = 0.1,RunStatus.SUCCESS,1682441733054,250.0
f165a733-7f4f-4ada-a9a1-dd90e5be64ae,1682441789,44,228c9f9e-0c70-4692-97da-8b78e233fbd4,[],REPULSIVE,100,10000,0.2,NULL,40,10,1.260345,NULL,0.0001,0.2,0.1,Epsilon = 0.1,RunStatus.SUCCESS,1682441733054,250.0
621dcc71-05ff-44f2-bf7a-b7c604341b73,1682441789,44,a665df50-8010-4b1e-aa9a-73f3807cf0c9,[],REPULSIVE,100,10000,0.2,NULL,40,10,1.327586,NULL,0.0001,0.2,0.1,Epsilon = 0.1,RunStatus.SUCCESS,1682441733054,250.0
a6e0cad2-c5fd-4855-a079-02d2f63bcf60,1682441789,44,d74b86c0-8ac7-4baa-ab22-9a7535d3956e,[],REPULSIVE,100,10000,0.2,NULL,40,10,1.394828,NULL,0.0001,0.2,0.1,Epsilon = 0.1,RunStatus.SUCCESS,1682441733054,250.0
c15ab887-356b-448a-9b67-282a30cdd0cc,1682441789,44,8bf8b7ea-8d2c-415f-bf33-1a6ee4b2d3ec,[],REPULSIVE,100,10000,0.2,NULL,40,10,1.193103,NULL,0.0001,0.2,0.1,Epsilon = 0.1,RunStatus.SUCCESS,1682441733054,250.0
d7fb6b75-75a9-4441-92b7-cecc782456f0,1682441789,44,07bb1c6b-2592-4b53-9376-d3f7f56d8ae2,[],REPULSIVE,100,10000,0.2,NULL,40,10,1.462069,NULL,0.0001,0.2,0.1,Epsilon = 0.1,RunStatus.SUCCESS,1682441733054,250.0
390a2a42-9132-4804-a7b2-0e8796b1e12d,1682441790,44,f21e99d9-518c-4924-918a-7588f0f94b22,[],REPULSIVE,100,10000,0.2,NULL,40,10,1.52931,NULL,0.0001,0.2,0.1,Epsilon = 0.1,RunStatus.SUCCESS,1682441733054,250.0
8ad34444-2d47-4211-bfdb-727389871833,1682441790,44,21bad0e3-cd57-46c6-ac1b-808486b33284,[],REPULSIVE,100,10000,0.2,NULL,40,10,1.596552,NULL,0.0001,0.2,0.1,Epsilon = 0.1,RunStatus.SUCCESS,1682441733054,250.0
37882ab1-3ef6-4fe8-bd45-591564e3932d,1682441836,44,699cabde-5ba3-4544-95c0-0aa0d779232e,[],SIMILARITY,100,10000,0.2,NULL,40,10,0.05,NULL,0.0001,0.2,0.1,Epsilon = 0.1,RunStatus.SUCCESS,1682441733054,250.0
cda486c1-bf72-4123-8cd5-dfebb10cddce,1682441837,43,aed01786-188a-4b2f-b867-48509031e848,[],SIMILARITY,100,10000,0.2,NULL,40,10,0.318966,NULL,0.0001,0.2,0.1,Epsilon = 0.1,RunStatus.SUCCESS,1682441733054,250.0
e204f1e9-9430-4c10-a684-cc7ba5ea81dd,1682441835,46,165c1f97-9da6-43b3-9d51-da567cc8fb31,[],REPULSIVE,100,10000,0.2,NULL,40,10,1.731034,NULL,0.0001,0.2,0.1,Epsilon = 0.1,RunStatus.SUCCESS,1682441733054,250.0
619c1a88-ce22-418b-8ebc-575367d6846e,1682441836,44,26544280-e8f1-4273-a26e-390dc736c729,[],SIMILARITY,100,10000,0.2,NULL,40,10,0.184483,NULL,0.0001,0.2,0.1,Epsilon = 0.1,RunStatus.SUCCESS,1682441733054,250.0
7391d118-b3fa-4683-97de-1fbcca937c2a,1682441836,44,9d5ea21d-8c7a-42e0-bd1c-7046a45ccc2a,[],SIMILARITY,100,10000,0.2,NULL,40,10,0.251724,NULL,0.0001,0.2,0.1,Epsilon = 0.1,RunStatus.SUCCESS,1682441733054,250.0
5531bab1-3028-486c-b213-f98b85b78162,1682441835,46,811acc45-8959-4d40-a736-67593ec2b862,[],REPULSIVE,100,10000,0.2,NULL,40,10,1.798276,NULL,0.0001,0.2,0.1,Epsilon = 0.1,RunStatus.SUCCESS,1682441733054,250.0
f38898b3-236b-4398-9728-d1861cc74878,1682441836,44,99bb2803-ee93-43a5-a6c0-c466dc459715,[],SIMILARITY,100,10000,0.2,NULL,40,10,0.117241,NULL,0.0001,0.2,0.1,Epsilon = 0.1,RunStatus.SUCCESS,1682441733054,250.0
76fe3a8f-8407-42c2-82d3-e667547404de,1682441837,43,58066ada-cc7a-4575-952e-4be996eebde6,[],SIMILARITY,100,10000,0.2,NULL,40,10,0.386207,NULL,0.0001,0.2,0.1,Epsilon = 0.1,RunStatus.SUCCESS,1682441733054,250.0
cea608c4-4940-498b-bdc5-21b4371d4c2a,1682441835,46,ac81aeb6-e0a8-420a-877b-019f54a243f7,[],REPULSIVE,100,10000,0.2,NULL,40,10,1.663793,NULL,0.0001,0.2,0.1,Epsilon = 0.1,RunStatus.SUCCESS,1682441733054,250.0
5e665a8a-3469-4fab-a803-fff08fd7375b,1682441836,46,619a2e21-9a42-4984-bea4-c8396ab2eca8,[],REPULSIVE,100,10000,0.2,NULL,40,10,1.865517,NULL,0.0001,0.2,0.1,Epsilon = 0.1,RunStatus.SUCCESS,1682441733054,250.0
c77db7f5-bfbc-42d4-aa5c-e74e1418563d,1682441836,46,50417762-c783-4009-a989-23070c715c23,[],REPULSIVE,100,10000,0.2,NULL,40,10,1.932759,NULL,0.0001,0.2,0.1,Epsilon = 0.1,RunStatus.SUCCESS,1682441733054,250.0
20d14b64-a15b-4d8b-94c9-aa1cbee96866,1682441838,44,1b11a5b9-0abe-4d13-8d8a-fa43fe26e5fc,[],SIMILARITY,100,10000,0.2,NULL,40,10,0.453448,NULL,0.0001,0.2,0.1,Epsilon = 0.1,RunStatus.SUCCESS,1682441733054,250.0
a130319e-af1e-4c72-a0c0-dcb934b52367,1682441884,43,b22a9a5d-1abb-4706-bd28-da6675a3f585,[],SIMILARITY,100,10000,0.2,NULL,40,10,0.655172,NULL,0.0001,0.2,0.1,Epsilon = 0.1,RunStatus.SUCCESS,1682441733054,250.0
028aeb9a-4b4f-44f0-b1e7-67b64a314b14,1682441884,44,c3c8f971-7e7f-4fb3-a151-a49d4a8046fb,[],SIMILARITY,100,10000,0.2,NULL,40,10,0.52069,NULL,0.0001,0.2,0.1,Epsilon = 0.1,RunStatus.SUCCESS,1682441733054,250.0
0029275b-aaf4-4e56-b800-d599a13d7032,1682441885,43,79ceac41-1df9-4442-b05b-5058968953f4,[],SIMILARITY,100,10000,0.2,NULL,40,10,0.856897,NULL,0.0001,0.2,0.1,Epsilon = 0.1,RunStatus.SUCCESS,1682441733054,250.0
a25dfe09-f67e-4621-a5b0-25f913eba390,1682441884,44,c671b400-fdbf-4073-bec7-fca7ee56b035,[],SIMILARITY,100,10000,0.2,NULL,40,10,0.587931,NULL,0.0001,0.2,0.1,Epsilon = 0.1,RunStatus.SUCCESS,1682441733054,250.0
bdc38002-a849-4637-b488-00fc79f38217,1682441885,43,865c16df-b38f-49e5-97f2-c53d93f7f966,[],SIMILARITY,100,10000,0.2,NULL,40,10,1.125862,NULL,0.0001,0.2,0.1,Epsilon = 0.1,RunStatus.SUCCESS,1682441733054,250.0
2c80ebd3-0f89-484b-a846-8838c0724423,1682441885,43,bac6bf25-3279-4583-b42a-c50a94c06ebb,[],SIMILARITY,100,10000,0.2,NULL,40,10,1.058621,NULL,0.0001,0.2,0.1,Epsilon = 0.1,RunStatus.SUCCESS,1682441733054,250.0
125d592f-7315-45af-aca0-55a7ef3ccdb5,1682441884,44,72075b43-0c42-4692-95d4-3e71695379f2,[],SIMILARITY,100,10000,0.2,NULL,40,10,0.722414,NULL,0.0001,0.2,0.1,Epsilon = 0.1,RunStatus.SUCCESS,1682441733054,250.0
cfdef94d-c4b3-4612-b76a-a638b9a621d1,1682441885,44,e85d5d2f-b7b6-4663-adba-210cd8433d38,[],SIMILARITY,100,10000,0.2,NULL,40,10,0.991379,NULL,0.0001,0.2,0.1,Epsilon = 0.1,RunStatus.SUCCESS,1682441733054,250.0
ddfec151-b111-4614-ae34-07cff843bce8,1682441884,44,9cbeb1c5-e29d-4587-8299-525fe5e73adc,[],SIMILARITY,100,10000,0.2,NULL,40,10,0.789655,NULL,0.0001,0.2,0.1,Epsilon = 0.1,RunStatus.SUCCESS,1682441733054,250.0
3ae70d7c-9850-4eae-bd4f-a4bfc3e5870b,1682441885,44,658d8bf7-b5f6-42ca-bcb8-32b2f7147bf9,[],SIMILARITY,100,10000,0.2,NULL,40,10,0.924138,NULL,0.0001,0.2,0.1,Epsilon = 0.1,RunStatus.SUCCESS,1682441733054,250.0
fd1b3c33-c57a-402b-aeb1-aefdd6c9f822,1682441886,44,58e203d5-01f0-40f4-ae1f-dcfbcb6dfb2c,[],SIMILARITY,100,10000,0.2,NULL,40,10,1.193103,NULL,0.0001,0.2,0.1,Epsilon = 0.1,RunStatus.SUCCESS,1682441733054,250.0
83ef8adc-3e84-41ae-b2de-7a84d828835e,1682441886,44,43430ce1-7388-492e-9f96-16a33f5d4b68,[],SIMILARITY,100,10000,0.2,NULL,40,10,1.260345,NULL,0.0001,0.2,0.1,Epsilon = 0.1,RunStatus.SUCCESS,1682441733054,250.0
ffea4df1-e081-4d60-aed9-cc42a4bb1a35,1682441932,37,887c177a-d871-4577-a5e0-ce14bdc90dab,[],SIMILARITY,100,10000,0.2,NULL,40,10,1.327586,NULL,0.0001,0.2,0.1,Epsilon = 0.1,RunStatus.SUCCESS,1682441733054,250.0
20031e46-283c-44c7-876a-0d9f7db500fe,1682441933,37,4c4a43f2-da49-4da2-b775-933d8a76b7da,[],SIMILARITY,100,10000,0.2,NULL,40,10,1.596552,NULL,0.0001,0.2,0.1,Epsilon = 0.1,RunStatus.SUCCESS,1682441733054,250.0
6e654c07-c299-45c9-9b90-8040d2c9a8a7,1682441933,37,7ced1f68-f6a5-4864-aed7-3afcb5af8995,[],SIMILARITY,100,10000,0.2,NULL,40,10,1.663793,NULL,0.0001,0.2,0.1,Epsilon = 0.1,RunStatus.SUCCESS,1682441733054,250.0
7e94889e-4731-4860-b90a-aa15c4783a54,1682441932,38,508ecb01-78f9-44e3-99cd-04d5a8241cc8,[],SIMILARITY,100,10000,0.2,NULL,40,10,1.394828,NULL,0.0001,0.2,0.1,Epsilon = 0.1,RunStatus.SUCCESS,1682441733054,250.0
11a2ac0c-35d7-430e-b890-87afb1d67e91,1682441932,37,37687af7-d34a-4541-89e8-5b08bc67589b,[],SIMILARITY,100,10000,0.2,NULL,40,10,1.462069,NULL,0.0001,0.2,0.1,Epsilon = 0.1,RunStatus.SUCCESS,1682441733054,250.0
6f3ee623-f70e-4af2-bead-91116a999b0b,1682441933,37,86733f42-cf4d-4da3-af67-ecb258278bca,[],SIMILARITY,100,10000,0.2,NULL,40,10,1.52931,NULL,0.0001,0.2,0.1,Epsilon = 0.1,RunStatus.SUCCESS,1682441733054,250.0
2baa2e76-116f-471a-91f8-ae8f2e303730,1682441933,37,8fecf4bd-e7da-4881-9bb1-01444954e5d2,[],SIMILARITY,100,10000,0.2,NULL,40,10,1.731034,NULL,0.0001,0.2,0.1,Epsilon = 0.1,RunStatus.SUCCESS,1682441733054,250.0
d67e0207-8869-4576-abe3-755ceec4fc58,1682441933,37,2ddb0ba1-0bf2-4176-8e9f-43e0f6c88960,[],SIMILARITY,100,10000,0.2,NULL,40,10,1.798276,NULL,0.0001,0.2,0.1,Epsilon = 0.1,RunStatus.SUCCESS,1682441733054,250.0
71514fe6-1541-4ee7-b2c6-cf84cd0790d8,1682441933,37,31c615b6-8d3e-45e2-ab95-1f4054dbaae8,[],SIMILARITY,100,10000,0.2,NULL,40,10,1.932759,NULL,0.0001,0.2,0.1,Epsilon = 0.1,RunStatus.SUCCESS,1682441733054,250.0
a4f21a9f-c59a-47d1-b051-b25e5b6ed099,1682441933,37,5a2f98b9-3437-4ecd-892a-d780f9a9a352,[],SIMILARITY,100,10000,0.2,NULL,40,10,1.865517,NULL,0.0001,0.2,0.1,Epsilon = 0.1,RunStatus.SUCCESS,1682441733054,250.0
